{"nodes": [{"id": "0"}, {"id": "1"}, {"id": "2"}, {"id": "3"}, {"id": "4"}, {"id": "5"}, {"id": "6"}, {"id": "7"}, {"id": "8"}, {"id": "9"}, {"id": "10"}, {"id": "11"}, {"id": "12"}, {"id": "13"}, {"id": "14"}, {"id": "15"}, {"id": "16"}, {"id": "17"}, {"id": "18"}, {"id": "19"}, {"id": "20"}, {"id": "21"}, {"id": "22"}, {"id": "23"}, {"id": "24"}, {"id": "25"}, {"id": "26"}, {"id": "27"}, {"id": "28"}, {"id": "29"}, {"id": "30"}, {"id": "31"}, {"id": "32"}, {"id": "33"}, {"id": "34"}, {"id": "35"}, {"id": "36"}, {"id": "37"}, {"id": "38"}, {"id": "39"}, {"id": "40"}, {"id": "41"}, {"id": "42"}, {"id": "43"}, {"id": "44"}, {"id": "45"}, {"id": "46"}, {"id": "47"}, {"id": "48"}, {"id": "49"}, {"id": "50"}, {"id": "51"}, {"id": "52"}, {"id": "53"}, {"id": "54"}, {"id": "55"}, {"id": "56"}, {"id": "57"}, {"id": "58"}, {"id": "59"}, {"id": "60"}, {"id": "61"}, {"id": "62"}, {"id": "63"}, {"id": "64"}, {"id": "65"}, {"id": "66"}, {"id": "67"}, {"id": "68"}, {"id": "69"}, {"id": "70"}, {"id": "71"}, {"id": "72"}], "links": [{"source": "12", "target": "21"}, {"source": "11", "target": "22"}, {"source": "10", "target": "23"}, {"source": "9", "target": "24"}, {"source": "30", "target": "38"}, {"source": "29", "target": "39"}, {"source": "28", "target": "40"}, {"source": "27", "target": "41"}, {"source": "26", "target": "42"}, {"source": "52", "target": "60"}, {"source": "51", "target": "61"}, {"source": "50", "target": "62"}, {"source": "49", "target": "63"}, {"source": "48", "target": "64"}, {"source": "6", "target": "65"}, {"source": "5", "target": "66"}, {"source": "4", "target": "67"}, {"source": "3", "target": "68"}, {"source": "2", "target": "69"}, {"source": "1", "target": "70"}, {"source": "0", "target": "71"}]}